{
    "timestamp": "2025-12-04T06:43:26.252345",
    "total_invoices": 61,
    "average_weighted_score": 0.8509836065573777,
    "average_hard_score": 0.9426229508196722,
    "average_soft_score": 0.639344262295082,
    "average_line_item_f1": 0.9393442622950819,
    "stp_rate": 90.1639344262295
}